-- MySQL dump 10.13  Distrib 5.5.62, for Win64 (AMD64)
--
-- Host: localhost    Database: sistema_bancario
-- ------------------------------------------------------
-- Server version	5.5.5-10.4.24-MariaDB

/*!40101 SET @OLD_CHARACTER_SET_CLIENT=@@CHARACTER_SET_CLIENT */;
/*!40101 SET @OLD_CHARACTER_SET_RESULTS=@@CHARACTER_SET_RESULTS */;
/*!40101 SET @OLD_COLLATION_CONNECTION=@@COLLATION_CONNECTION */;
/*!40101 SET NAMES utf8 */;
/*!40103 SET @OLD_TIME_ZONE=@@TIME_ZONE */;
/*!40103 SET TIME_ZONE='+00:00' */;
/*!40014 SET @OLD_UNIQUE_CHECKS=@@UNIQUE_CHECKS, UNIQUE_CHECKS=0 */;
/*!40014 SET @OLD_FOREIGN_KEY_CHECKS=@@FOREIGN_KEY_CHECKS, FOREIGN_KEY_CHECKS=0 */;
/*!40101 SET @OLD_SQL_MODE=@@SQL_MODE, SQL_MODE='NO_AUTO_VALUE_ON_ZERO' */;
/*!40111 SET @OLD_SQL_NOTES=@@SQL_NOTES, SQL_NOTES=0 */;

--
-- Table structure for table `cuenta`
--

DROP TABLE IF EXISTS `cuenta`;
/*!40101 SET @saved_cs_client     = @@character_set_client */;
/*!40101 SET character_set_client = utf8 */;
CREATE TABLE `cuenta` (
  `numero_cuenta` int(11) NOT NULL AUTO_INCREMENT,
  `cbu` varchar(10) NOT NULL,
  `saldo` decimal(14,2) NOT NULL,
  `sucursal_id` int(11) NOT NULL,
  `tipo_cuenta_id` int(11) NOT NULL,
  `usuario_id` int(11) NOT NULL,
  PRIMARY KEY (`numero_cuenta`),
  KEY `cuenta_sucursal` (`sucursal_id`),
  KEY `cuenta_tipo_cuenta` (`tipo_cuenta_id`),
  KEY `cuenta_usuario` (`usuario_id`),
  CONSTRAINT `cuenta_sucursal` FOREIGN KEY (`sucursal_id`) REFERENCES `sucursal` (`id`),
  CONSTRAINT `cuenta_tipo_cuenta` FOREIGN KEY (`tipo_cuenta_id`) REFERENCES `tipo_cuenta` (`id`),
  CONSTRAINT `cuenta_usuario` FOREIGN KEY (`usuario_id`) REFERENCES `usuario` (`id`)
) ENGINE=InnoDB AUTO_INCREMENT=3 DEFAULT CHARSET=utf8mb4;
/*!40101 SET character_set_client = @saved_cs_client */;

--
-- Dumping data for table `cuenta`
--

LOCK TABLES `cuenta` WRITE;
/*!40000 ALTER TABLE `cuenta` DISABLE KEYS */;
INSERT INTO `cuenta` VALUES (1,'2326353521',500.00,1,1,1),(2,'2056233694',6500.00,1,3,1);
/*!40000 ALTER TABLE `cuenta` ENABLE KEYS */;
UNLOCK TABLES;

--
-- Table structure for table `datos_cuenta`
--

DROP TABLE IF EXISTS `datos_cuenta`;
/*!40101 SET @saved_cs_client     = @@character_set_client */;
/*!40101 SET character_set_client = utf8 */;
CREATE TABLE `datos_cuenta` (
  `cuenta_numero_cuenta` int(11) NOT NULL,
  `fecha_apertura` date NOT NULL,
  `estado` tinyint(1) NOT NULL,
  PRIMARY KEY (`cuenta_numero_cuenta`),
  CONSTRAINT `datos_cuenta_cuenta` FOREIGN KEY (`cuenta_numero_cuenta`) REFERENCES `cuenta` (`numero_cuenta`)
) ENGINE=InnoDB DEFAULT CHARSET=utf8mb4;
/*!40101 SET character_set_client = @saved_cs_client */;

--
-- Dumping data for table `datos_cuenta`
--

LOCK TABLES `datos_cuenta` WRITE;
/*!40000 ALTER TABLE `datos_cuenta` DISABLE KEYS */;
INSERT INTO `datos_cuenta` VALUES (1,'2022-10-10',1),(2,'2022-06-08',1);
/*!40000 ALTER TABLE `datos_cuenta` ENABLE KEYS */;
UNLOCK TABLES;

--
-- Table structure for table `datos_usuario`
--

DROP TABLE IF EXISTS `datos_usuario`;
/*!40101 SET @saved_cs_client     = @@character_set_client */;
/*!40101 SET character_set_client = utf8 */;
CREATE TABLE `datos_usuario` (
  `cuil_cuit` int(11) NOT NULL,
  `dni` varchar(8) DEFAULT NULL,
  `nombre` varchar(45) DEFAULT NULL,
  `apellido` varchar(40) DEFAULT NULL,
  `razon_social` varchar(45) DEFAULT NULL,
  `telefono` varchar(20) NOT NULL,
  `email` varchar(60) NOT NULL,
  `usuario_id` int(11) NOT NULL,
  PRIMARY KEY (`cuil_cuit`),
  KEY `datos_usuario_usuario` (`usuario_id`),
  CONSTRAINT `datos_usuario_usuario` FOREIGN KEY (`usuario_id`) REFERENCES `usuario` (`id`)
) ENGINE=InnoDB DEFAULT CHARSET=utf8mb4;
/*!40101 SET character_set_client = @saved_cs_client */;

--
-- Dumping data for table `datos_usuario`
--

LOCK TABLES `datos_usuario` WRITE;
/*!40000 ALTER TABLE `datos_usuario` DISABLE KEYS */;
INSERT INTO `datos_usuario` VALUES (215699451,'21569945','Jorge','Bruno',NULL,'2494658944','georgie@gmail.com',3),(263535219,'26353521','Marcelo','Limideiro',NULL,'2494449999','mlimideiro@gmail.com',1);
/*!40000 ALTER TABLE `datos_usuario` ENABLE KEYS */;
UNLOCK TABLES;

--
-- Table structure for table `login`
--

DROP TABLE IF EXISTS `login`;
/*!40101 SET @saved_cs_client     = @@character_set_client */;
/*!40101 SET character_set_client = utf8 */;
CREATE TABLE `login` (
  `nombre_usuario` varchar(40) NOT NULL,
  `password` varchar(25) NOT NULL,
  `usuario_id` int(11) NOT NULL,
  PRIMARY KEY (`nombre_usuario`),
  KEY `login_usuario` (`usuario_id`),
  CONSTRAINT `login_usuario` FOREIGN KEY (`usuario_id`) REFERENCES `usuario` (`id`)
) ENGINE=InnoDB DEFAULT CHARSET=utf8mb4;
/*!40101 SET character_set_client = @saved_cs_client */;

--
-- Dumping data for table `login`
--

LOCK TABLES `login` WRITE;
/*!40000 ALTER TABLE `login` DISABLE KEYS */;
INSERT INTO `login` VALUES ('jbruno','111111',3),('jfur','123456',2),('mariomars','1212',4),('mlimideiro','MarceLimi',1);
/*!40000 ALTER TABLE `login` ENABLE KEYS */;
UNLOCK TABLES;

--
-- Table structure for table `moneda`
--

DROP TABLE IF EXISTS `moneda`;
/*!40101 SET @saved_cs_client     = @@character_set_client */;
/*!40101 SET character_set_client = utf8 */;
CREATE TABLE `moneda` (
  `id` int(11) NOT NULL AUTO_INCREMENT,
  `nombre` varchar(25) NOT NULL,
  `pais` varchar(15) NOT NULL,
  `precio_compra` decimal(10,2) NOT NULL,
  `precio_venta` decimal(10,2) NOT NULL,
  PRIMARY KEY (`id`)
) ENGINE=InnoDB AUTO_INCREMENT=3 DEFAULT CHARSET=utf8mb4;
/*!40101 SET character_set_client = @saved_cs_client */;

--
-- Dumping data for table `moneda`
--

LOCK TABLES `moneda` WRITE;
/*!40000 ALTER TABLE `moneda` DISABLE KEYS */;
INSERT INTO `moneda` VALUES (1,'Peso','Argentina',1.00,1.00),(2,'D贸lar','Estados Unidos',297.00,272.00);
/*!40000 ALTER TABLE `moneda` ENABLE KEYS */;
UNLOCK TABLES;

--
-- Table structure for table `movimiento_comision`
--

DROP TABLE IF EXISTS `movimiento_comision`;
/*!40101 SET @saved_cs_client     = @@character_set_client */;
/*!40101 SET character_set_client = utf8 */;
CREATE TABLE `movimiento_comision` (
  `id` int(11) NOT NULL AUTO_INCREMENT,
  `nombre_comision` varchar(40) NOT NULL,
  `costo_comision` decimal(6,2) NOT NULL,
  PRIMARY KEY (`id`)
) ENGINE=InnoDB AUTO_INCREMENT=7 DEFAULT CHARSET=utf8mb4;
/*!40101 SET character_set_client = @saved_cs_client */;

--
-- Dumping data for table `movimiento_comision`
--

LOCK TABLES `movimiento_comision` WRITE;
/*!40000 ALTER TABLE `movimiento_comision` DISABLE KEYS */;
INSERT INTO `movimiento_comision` VALUES (1,'Mantenimiento Caja Ahorro',200.00),(2,'Mantenimiento Caja Ahorro SR',0.00),(3,'Transferencia Caja Ahorro',60.00),(4,'Transferencia Caja Ahorro SR',0.00),(5,'Dep贸sito Caja Ahorro',400.00),(6,'Dep贸sito Caja Ahorro SR',0.00);
/*!40000 ALTER TABLE `movimiento_comision` ENABLE KEYS */;
UNLOCK TABLES;

--
-- Table structure for table `sucursal`
--

DROP TABLE IF EXISTS `sucursal`;
/*!40101 SET @saved_cs_client     = @@character_set_client */;
/*!40101 SET character_set_client = utf8 */;
CREATE TABLE `sucursal` (
  `id` int(11) NOT NULL AUTO_INCREMENT,
  `ciudad` varchar(30) NOT NULL,
  `direccion` varchar(45) NOT NULL,
  PRIMARY KEY (`id`)
) ENGINE=InnoDB AUTO_INCREMENT=2 DEFAULT CHARSET=utf8mb4;
/*!40101 SET character_set_client = @saved_cs_client */;

--
-- Dumping data for table `sucursal`
--

LOCK TABLES `sucursal` WRITE;
/*!40000 ALTER TABLE `sucursal` DISABLE KEYS */;
INSERT INTO `sucursal` VALUES (1,'Tandil','Avellaneda 1233');
/*!40000 ALTER TABLE `sucursal` ENABLE KEYS */;
UNLOCK TABLES;

--
-- Table structure for table `tipo_cuenta`
--

DROP TABLE IF EXISTS `tipo_cuenta`;
/*!40101 SET @saved_cs_client     = @@character_set_client */;
/*!40101 SET character_set_client = utf8 */;
CREATE TABLE `tipo_cuenta` (
  `id` int(11) NOT NULL AUTO_INCREMENT,
  `nombre` varchar(30) NOT NULL,
  PRIMARY KEY (`id`)
) ENGINE=InnoDB AUTO_INCREMENT=6 DEFAULT CHARSET=utf8mb4;
/*!40101 SET character_set_client = @saved_cs_client */;

--
-- Dumping data for table `tipo_cuenta`
--

LOCK TABLES `tipo_cuenta` WRITE;
/*!40000 ALTER TABLE `tipo_cuenta` DISABLE KEYS */;
INSERT INTO `tipo_cuenta` VALUES (1,'Caja Ahorro'),(2,'Caja Ahorro SR'),(3,'Cuenta Corriente'),(4,'Cuenta Corriente SR'),(5,'Cuenta Corriente D贸lares');
/*!40000 ALTER TABLE `tipo_cuenta` ENABLE KEYS */;
UNLOCK TABLES;

--
-- Table structure for table `tipo_usuario`
--

DROP TABLE IF EXISTS `tipo_usuario`;
/*!40101 SET @saved_cs_client     = @@character_set_client */;
/*!40101 SET character_set_client = utf8 */;
CREATE TABLE `tipo_usuario` (
  `id` int(11) NOT NULL AUTO_INCREMENT,
  `usuario_tipo` varchar(30) NOT NULL,
  PRIMARY KEY (`id`)
) ENGINE=InnoDB AUTO_INCREMENT=4 DEFAULT CHARSET=utf8mb4;
/*!40101 SET character_set_client = @saved_cs_client */;

--
-- Dumping data for table `tipo_usuario`
--

LOCK TABLES `tipo_usuario` WRITE;
/*!40000 ALTER TABLE `tipo_usuario` DISABLE KEYS */;
INSERT INTO `tipo_usuario` VALUES (1,'Individuo'),(2,'Pyme'),(3,'Administrador');
/*!40000 ALTER TABLE `tipo_usuario` ENABLE KEYS */;
UNLOCK TABLES;

--
-- Table structure for table `transaccion`
--

DROP TABLE IF EXISTS `transaccion`;
/*!40101 SET @saved_cs_client     = @@character_set_client */;
/*!40101 SET character_set_client = utf8 */;
CREATE TABLE `transaccion` (
  `id` int(11) NOT NULL AUTO_INCREMENT,
  `monto` float(14,2) NOT NULL,
  `fecha_movimiento` date NOT NULL,
  `cuenta_numero_cuenta` int(11) NOT NULL,
  `moneda_id` int(11) NOT NULL,
  `movimiento_comision_id` int(11) DEFAULT NULL,
  PRIMARY KEY (`id`),
  KEY `movimiento_cuenta` (`cuenta_numero_cuenta`),
  KEY `transaccion_moneda` (`moneda_id`),
  KEY `transaccion_movimiento_comision` (`movimiento_comision_id`),
  CONSTRAINT `movimiento_cuenta` FOREIGN KEY (`cuenta_numero_cuenta`) REFERENCES `cuenta` (`numero_cuenta`),
  CONSTRAINT `transaccion_moneda` FOREIGN KEY (`moneda_id`) REFERENCES `moneda` (`id`),
  CONSTRAINT `transaccion_movimiento_comision` FOREIGN KEY (`movimiento_comision_id`) REFERENCES `movimiento_comision` (`id`)
) ENGINE=InnoDB AUTO_INCREMENT=3 DEFAULT CHARSET=utf8mb4;
/*!40101 SET character_set_client = @saved_cs_client */;

--
-- Dumping data for table `transaccion`
--

LOCK TABLES `transaccion` WRITE;
/*!40000 ALTER TABLE `transaccion` DISABLE KEYS */;
INSERT INTO `transaccion` VALUES (1,420.00,'2022-01-01',1,1,3),(2,310.00,'2022-01-11',1,1,3);
/*!40000 ALTER TABLE `transaccion` ENABLE KEYS */;
UNLOCK TABLES;

--
-- Table structure for table `usuario`
--

DROP TABLE IF EXISTS `usuario`;
/*!40101 SET @saved_cs_client     = @@character_set_client */;
/*!40101 SET character_set_client = utf8 */;
CREATE TABLE `usuario` (
  `id` int(11) NOT NULL AUTO_INCREMENT,
  `estado` tinyint(1) NOT NULL,
  `tipo_usuario_id` int(11) NOT NULL,
  PRIMARY KEY (`id`),
  KEY `cliente_tipo_usuario` (`tipo_usuario_id`),
  CONSTRAINT `cliente_tipo_usuario` FOREIGN KEY (`tipo_usuario_id`) REFERENCES `tipo_usuario` (`id`)
) ENGINE=InnoDB AUTO_INCREMENT=5 DEFAULT CHARSET=utf8mb4;
/*!40101 SET character_set_client = @saved_cs_client */;

--
-- Dumping data for table `usuario`
--

LOCK TABLES `usuario` WRITE;
/*!40000 ALTER TABLE `usuario` DISABLE KEYS */;
INSERT INTO `usuario` VALUES (1,1,1),(2,1,1),(3,1,1),(4,1,3);
/*!40000 ALTER TABLE `usuario` ENABLE KEYS */;
UNLOCK TABLES;

--
-- Dumping routines for database 'sistema_bancario'
--
/*!40103 SET TIME_ZONE=@OLD_TIME_ZONE */;

/*!40101 SET SQL_MODE=@OLD_SQL_MODE */;
/*!40014 SET FOREIGN_KEY_CHECKS=@OLD_FOREIGN_KEY_CHECKS */;
/*!40014 SET UNIQUE_CHECKS=@OLD_UNIQUE_CHECKS */;
/*!40101 SET CHARACTER_SET_CLIENT=@OLD_CHARACTER_SET_CLIENT */;
/*!40101 SET CHARACTER_SET_RESULTS=@OLD_CHARACTER_SET_RESULTS */;
/*!40101 SET COLLATION_CONNECTION=@OLD_COLLATION_CONNECTION */;
/*!40111 SET SQL_NOTES=@OLD_SQL_NOTES */;

-- Dump completed on 2022-10-25  2:39:46
